{"cameraMode":{"drawMode":0,"name":"Shaded","section":"Shading Mode"},"sceneLighting":true,"audioPlay":false,"sceneViewState":{"showFog":true,"showMaterialUpdate":false,"showSkybox":true,"showFlares":true,"showImageEffects":true,"showParticleSystems":true},"in2DMode":false,"pivot":{"x":-10.8048677444458,"y":-2.0859837532043459,"z":0.0992221012711525},"rotation":{"x":-0.167088121175766,"y":0.6955596208572388,"z":-0.17154105007648469,"w":-0.6774282455444336},"size":10.794882774353028,"orthographic":false}